{
 "attach_print": 0,
 "channel": "System Notification",
 "condition": "doc.status == \"Scheduled\"",
 "creation": "2025-04-24 16:29:46.577431",
 "date_changed": "date_of_departure",
 "days_in_advance": 1,
 "docstatus": 0,
 "doctype": "Notification",
 "document_type": "Airplane Flight",
 "enabled": 1,
 "event": "Days Before",
 "idx": 0,
 "is_standard": 1,
 "message": "Flight {{ doc.name }} from {{ doc.source_airport }} to {{ doc.destination_airport }} departs in 24 hours.",
 "message_type": "HTML",
 "modified": "2025-04-24 16:29:46.577431",
 "modified_by": "Administrator",
 "module": "Airplane Mode",
 "name": "Flight Departure Notification",
 "owner": "Administrator",
 "recipients": [
  {
   "receiver_by_role": "System Manager"
  }
 ],
 "send_system_notification": 0,
 "send_to_all_assignees": 0,
 "subject": "Departs in 24 Hours!"
}